borrower_id,country_of_residency,first_name,last_name,phone_number,email
14c91c7a9ba99bddddfd6d1a55e33b09,FI,Ava,Davis,35811323835,ava5@gmail.com
b7e7e8c63de44df6a39220262527ffb9,FI,Samuel,Ramirez,358132507888,samuel.ramirez@outlook.com
b371320bf5c9d095725ad6e621eef6ad,EE,Alexander,Ramirez,372113566412,a.ramirez@mail.ee
8ca14e328eca8c6aca319140b10babfb,EE,Sofia,Anderson,372550982106,sofiaanderson@mail.ee
4386de09f5d0cc8a82a052c9491bb977,FI,Charlotte,Martinez,35856213756,charlottemartinez@live.fi
86f6c8dbc74634291f389e1e502baf0a,FI,Ava,Hall,358792376169,avahall@hotmail.com
debf4a9c412380069966a10f992f9dad,NL,Aiden,White,3144778272,aiden.white@outlook.com
45cc4476b6e54010c9be1992f6661b02,FI,Emily,Torres,35885683959,emilytorres@hotmail.com
1567136a2e42fb2d429ccfa5e7d78589,FI,Luke,Lee,358685634259,lukelee@live.fi
e6404211e9692bae4abdfd5fdb9d48dc,NL,Michael,Parker,31192221827,michaelparker@hotmail.nl
15a23244457ae6994d64a95fc68b089f,FI,Christopher,Perez,35882506758,christopher86@live.fi
79290463399f47c68444c450bd7124ef,ES,Aiden,Johnson,3449148963,aiden67@hotmail.es
4554baf5b411cb2895906c9ea10bc77d,FI,Matthew,Collins,35885200270,matthew88@hotmail.com
25d11b26a3a14ee75f2376b045e1f0c2,FI,Joseph,Nguyen,358562736371,j.nguyen@gmail.com
0755e887054e161a91e692d1eacb8526,FI,Liam,Diaz,35838252737,liam75@outlook.com
3a508bfcc41f457a8f850f7e989377de,EE,Liam,Robinson,372153740433,liam.robinson@hot.ee
640c0a07755028cb6e033dfe7809c99c,EE,Luke,Roberts,37271792546,luke12@hot.ee
5897aca6c101a132a10537609a70b14e,FI,Grace,Anderson,35817697615,graceanderson@outlook.com
9cb8d175ddd837237eeef84fa0942978,FI,Harper,Parker,35809875655,h.parker@gmail.com
6f7141656cac853374d7ac5e87453346,FI,Layla,Rodriguez,35886331106,l.rodriguez@live.fi
44c8a7e1cf387bf05d2a32bc407b04be,FI,Daniel,Harris,35863488634,daniel87@live.fi
aa2deb46abfaecc870c699a00624ca26,FI,Victoria,Martin,35833645175,v.martin@gmail.com
7357ae713790e23ad7dee65b95c35e30,FI,John,Phillips,35866215938,johnphillips@outlook.com
09b7086e982bff487871a9d10dea3e5c,EE,Evelyn,Nguyen,372664763396,evelyn.nguyen@mail.ee
8243d6cf7187553730eefd14018805b9,NL,Liam,Edwards,3142821468,liam38@outlook.com
5f3eaec6f87b4eea2b4911d3e3deef37,EE,Lily,White,372342089630,lily47@hot.ee
0ef44ac035c8906e283b7b84085710d1,FI,Sebastian,Lee,35887565026,s.lee@outlook.com
f2e9b406db408dbfcf8ba60966850517,FI,Elizabeth,Walker,35845459346,elizabethwalker@gmail.com
35c092ee58ae85c2a21285bfcd701cb4,FI,Abigail,Turner,35811848732,abigail63@gmail.com
ac51a78e91c6c8b97e665e4c13f1540e,FI,Isabella,Garcia,35811915749,isabellagarcia@gmail.com
5cefee0b1b2252d16fada3f8dd5e977c,EE,Daniel,Williams,37249635605,danielwilliams@gmail.com
03c31b48feab35e3fb40a960eb4647d4,FI,Jack,Gonzalez,358129230668,jack.gonzalez@gmail.com
f2833336926006165a8ab73aca86be5f,FI,Aubrey,Martin,358601075223,aubreymartin@gmail.com
c7a2ca08cb548db0d60d6781a0b3b097,NL,Jack,Gomez,3181823551,j.gomez@gmail.com
c3ab506a79b30d8306cbab04f602f4fa,FI,Grace,King,358735720445,grace39@live.fi
8df02a4fc83f5c7039a049b43531d2b4,EE,Owen,Lewis,37210046228,owen98@hot.ee
b9ac22723f350828887b4f95f7a89fd4,FI,Henry,Taylor,35861898722,henry85@live.fi
d7144c8b1b985f3adec1c82f1ab22232,FI,Zoey,Clark,358836881246,zoeyclark@live.fi
c019ef9b9d4cbd81f51acf471cab5d7f,FI,Sebastian,Anderson,358491445235,sebastiananderson@outlook.com
4ebb6d722b7dd9def33828eff8aa153e,NL,Scarlett,Hill,31211196831,scarlett.hill@hotmail.nl
f8a6d211a526de8feec3b888c68413da,ES,Christopher,Garcia,3497080813,christophergarcia@outlook.es
6b65178d4d5126b11e5eb17e6c731671,FI,Christopher,Johnson,358334705637,christopher10@gmail.com
95cc452a33325b85297f9281bad7088d,ES,Samuel,Hall,34699499376,samuel51@hotmail.es
450535591cececd6ad9244625403c565,EE,Sebastian,Jackson,37298818888,s.jackson@gmail.com
2a9d9fcec562f96571610dcd515def15,FI,Andrew,Lopez,35871692374,andrew41@hotmail.com
4ee0a419d2a57f1904b73a0a0afb4ced,FI,Sofia,Lopez,35816434536,sofia85@live.fi
23b8561ca66d7df10981112610f0f6f2,EE,Amelia,Turner,37212352151,amelia.turner@hot.ee
558d5a21de6f4d218fcd08207c10d16c,LV,Alexander,Wright,37165667279,alexanderwright@mail.lv
82a005f2634eab816465792455e19e38,EE,Amelia,Young,37270012642,amelia.young@hot.ee
10eb0312dcddb11487f7408b08ad3f04,FI,Natalie,Cruz,35863004680,natalie25@gmail.com
02340ee1ff74e6bda29723eea82193a7,FI,Isabella,Nelson,35834159203,isabella.nelson@hotmail.com
a407a5a96989909407819738c543dac9,FI,Penelope,Brown,35820051701,p.brown@hotmail.com
1f4fa320b859d9efb47eb81b724f62d7,FI,Sofia,Nelson,35806501168,sofianelson@hotmail.com
35dac59b7ea8248c6ff1d8fe932696c2,EE,Ava,Hill,37215595046,a.hill@hot.ee
5327ade1250e041999709ccc6e3b5227,FI,Lily,Lee,35853982454,lilylee@live.fi
c6fbfb22ac61f2539cdf09c66c00a5cc,ES,Penelope,Hall,34463242597,p.hall@outlook.es
36285ec85f39bdb46f86e5a456978089,EE,Scarlett,Mitchell,372062004089,scarlett16@hot.ee
04d33b3d86e59e6865617aa39810f51e,FI,Joseph,Edwards,358084786193,josephedwards@hotmail.com
a43cf2f82443c035fb71698da3742692,FI,Penelope,King,35833024421,penelope55@outlook.com
115710dee35108b8155f377990de88fa,FI,Alexander,Phillips,358875533222,alexanderphillips@live.fi
924e0fed5403cc320c2ef7d8f6a52f3a,FI,Sebastian,Jackson,35805079208,sebastian.jackson@outlook.com
4987504715089a12dd94b4c8e8c899aa,EE,Lillian,Nguyen,37237824218,l.nguyen@hot.ee
49a353d483d063f9707d5142fe589ada,EE,Michael,Roberts,37248251788,michaelroberts@mail.ee
74fa843c4ad2a3641e69037a30e5e52e,EE,Jackson,Nelson,372876234316,jacksonnelson@gmail.com
30b18ac990507e1e9ef8bf256df74584,FI,Charlotte,Taylor,358626530083,charlottetaylor@hotmail.com
8ba16e5f358b715c9cf496dc14766c43,ES,Harper,Turner,34866344173,h.turner@hotmail.es
42ee1888ec2c1bc838f660df4540cf55,ES,Jack,Taylor,34677575817,jacktaylor@hotmail.es
e9513a75b7ee8ecdb959c5964c4cd406,EE,David,Anderson,37290817177,d.anderson@hot.ee
3db0ba3f861e4706430f746e65ca32ef,NL,Christopher,Perez,31181998984,christopherperez@outlook.com
9b506314e30d588bbe7bed46f93a4a8c,EE,Layla,Wilson,372557602037,layla71@mail.ee
9fb4941cd420852cf70bc8f7ae7b56f4,NL,Daniel,Moore,3100938337,daniel.moore@hotmail.nl
077b75ebfa668359820737fef1a4c3e5,EE,Elizabeth,Anderson,37285288812,elizabeth.anderson@gmail.com
d16e4010e8c63427d1ee6da580d839ed,FI,Abigail,Robinson,358565291079,a.robinson@hotmail.com
57b824dedaa0b5da17961f4736f7e53a,FI,Chloe,Turner,358102391642,chloe.turner@outlook.com
a06a432441f87674f4ee76eed1022a5f,NL,Jackson,Johnson,31947546854,jackson69@outlook.com
63cda46d1d981d1b383010dbc21c73db,EE,Dylan,Sanchez,37253528355,dylansanchez@mail.ee
6c8849d16ae6aca5c0b36e6f7512601d,NL,Liam,Hernandez,31051686004,l.hernandez@gmail.com
f2fbe9047e7e2e960253cfb357baac96,EE,Ethan,Lewis,37270354879,ethan42@gmail.com
f013ec718b3c89634091c83c5de52b18,EE,Elizabeth,Carter,37267032831,elizabeth.carter@mail.ee
71b284f42e83b895d14f270e9a571d94,ES,Penelope,Hernandez,34587892039,penelope.hernandez@gmail.com
8d8b512ad42d1e5d5fad6abeeb6a1c02,EE,Isabella,Harris,372608686788,isabellaharris@mail.ee
df6295fb289f780d56319e9823b72b59,FI,Sebastian,Mitchell,358227855315,sebastian90@gmail.com
6f54215d719cf12e824457d49c3aa5e3,FI,Joseph,Flores,358060239774,j.flores@live.fi
d47dfab14054ac2b522f83111731132e,FI,Abigail,Anderson,35842721427,abigailanderson@hotmail.com
cc97bffac4adc76d574d985dc753a324,NL,Liam,Turner,31455243242,liam80@gmail.com
8da4cddcacbb34a39817d927de8ed256,EE,Emily,Lopez,37211304840,emily.lopez@mail.ee
425698dea48319d29d0ecbe2ff803cc9,EE,Natalie,Rodriguez,372788342737,n.rodriguez@hot.ee
0ecb5eb54ebdd10b7fe8ea2fa413fc0f,EE,Lucas,Nelson,372400110066,lucas28@gmail.com
5c43ffb5479b9d00782030b2cc0d438f,FI,Riley,Cruz,358241803013,riley.cruz@gmail.com
a5d42c9375ee0134c32337f8878973b9,EE,Lucas,Reyes,372981245572,lucas.reyes@gmail.com
18059005a579d1b5dff914871ad3811b,EE,Luke,Jones,372643673129,luke63@mail.ee
212c9ca68b71544efc830f76a5f0c77d,FI,Emma,Evans,35892563473,emma61@live.fi
38389b8af57ac2232b003470e1c1cd75,FI,Riley,Evans,358425234069,r.evans@hotmail.com
e88db954203c3f34898466974eba0deb,NL,Olivia,Turner,3150355998,olivia.turner@gmail.com
53a4e401a1ffaa3fc11da2586dc3d0e0,NL,Emily,Wright,31476405849,emilywright@gmail.com
421896d86bb09246819bb84779457fa4,NL,Wyatt,Nguyen,31034895556,w.nguyen@outlook.com
cb44f7e565dd2a529d6b85fb2cc1ef71,FI,Sofia,Miller,358511996377,sofiamiller@gmail.com
a34c15acb4c0d03d6a551a11b756f106,FI,Ava,Cruz,358057640520,ava.cruz@live.fi
210de46035875a7a42d2bb2020175df0,FI,Evelyn,Johnson,358471075825,evelynjohnson@gmail.com
5b64be1a3fcaf847369b7f8e3781794a,NL,Penelope,King,3152287778,penelope45@gmail.com
2fc73af5ad0988ca66e51ce1c826d422,EE,Nathan,Lopez,37234813621,nathan.lopez@gmail.com
21fd7240cd8403a2e83de5daadca9144,ES,Zoey,Gomez,34341532433,zoeygomez@outlook.es
b166d2710f850d362cb276e9c0230870,FI,Mia,Wright,358966218382,mia23@hotmail.com
d329debf08a34bc896f2267237bf4cb8,NL,Avery,Hernandez,3130968780,averyhernandez@gmail.com
d28a4c210afbc102f2284bdac232c765,FI,Daniel,Moore,358437020016,daniel54@outlook.com
b75964c8d7ad4e343e069311fb78ec55,FI,John,Gonzalez,35800258965,johngonzalez@hotmail.com
9f103aeaf602c00df95e8049b1c2bf80,EE,Carter,Gomez,37245352178,carter64@hot.ee
dae02d2c915ac77bb637f25d82363fce,FI,Mason,Mitchell,358182443880,mason.mitchell@live.fi
134744aa1a392f8ec80785f514d49194,FI,Emma,Jackson,35813429120,emma85@live.fi
e8d8ef6daf880c1db24f3f192a2a21cd,FI,Penelope,Walker,358087498187,penelope.walker@live.fi
a1c755ad32c1bb4e8c46a5a86f948b0f,FI,David,White,35891484690,david.white@gmail.com
6dd6042f7d07b5171176f963d6a91850,FI,Carter,Carter,358193300645,carter.carter@hotmail.com
2e52bd96429f845088cba84aa1ef2fd2,FI,Samuel,Moore,35845307620,samuelmoore@live.fi
2a56571b9e1f87741ef39cbacd697c9c,FI,Zoey,Nguyen,358128556041,zoey.nguyen@gmail.com
c3c1dc7d7f800758259e90572c049191,FI,Dylan,Robinson,358957741963,dylan36@live.fi
ba0f97e67f1aa5d650f7cea75727f732,EE,Mason,Edwards,37231854180,mason25@mail.ee
7e1777a637086716249135f6230b06e5,FI,Ava,Thomas,358570281028,a.thomas@gmail.com
7e904a6fcbb974c45a55f865accd06cf,EE,Layla,Nguyen,37244592806,layla.nguyen@hot.ee
678e07551c38e2893b148d4a2555b933,EE,Riley,Flores,372419592867,r.flores@gmail.com
999fbf9c1f83a5c042b3669a31f216b1,FI,Alexander,Gomez,35831382597,alexandergomez@live.fi
7c0695107c43ebaf4bb03cb30ada930c,FI,Michael,Gomez,358561119255,michaelgomez@hotmail.com
5aece57ba22e9cb1675f1d8732d8e1ed,EE,Aubrey,Scott,372283492066,aubreyscott@hot.ee
a75579da7a74b8bc6bad5890c1ab59b3,FI,Michael,Nguyen,35868038821,michael35@outlook.com
43aa4abf4f7355aaa8c60d4b9e5b4eb2,FI,Chloe,Johnson,358572557866,chloe61@live.fi
de0abd6f0545631cfa83523635461993,EE,Jack,Jones,372957496362,j.jones@gmail.com
d05fa5fc294116367b9cadfc2915e94a,FI,Jack,Hernandez,358361635270,jack20@outlook.com
04fbe05b356c307d8c3372ca9e665bdf,FI,Henry,Torres,358028173170,henry10@outlook.com
f37ee44d4429c6f42a08d9f91f112419,FI,Harper,Torres,358883482694,h.torres@outlook.com
058acc15407bd222f6fcf3def1fb87a7,FI,Dylan,Gonzalez,358876904491,dylangonzalez@hotmail.com
911dc3a88b4a3e2bea1ba6d875b393ae,FI,Elizabeth,Campbell,358102562616,e.campbell@gmail.com
4437958f0874c4ff358d380abc5b61bd,FI,David,Hill,358815442628,d.hill@gmail.com
744ce3addb09562f4b41187b2642a47f,FI,James,Evans,358901494257,james8@hotmail.com
6d2dbce9c8ea94a54ddc4ceb886b0c22,FI,Daniel,Roberts,35849826848,daniel38@gmail.com
cdce4effa713b58930b35a477a7958eb,EE,Ava,Moore,37251840766,a.moore@mail.ee
e2287345b1874612a035e11ca85dfc12,FI,Wyatt,Evans,35849261688,wyatt50@gmail.com
92c52cc14d57f185eaad3310b275e446,EE,Grace,Phillips,37278654044,g.phillips@hot.ee
737cf31136551acb420adec3a7c5191e,FI,Lily,Flores,358404274824,lily92@gmail.com
7a7dda866e5d76bd3f584d90fe7696bd,EE,Sofia,Hill,372512564874,sofiahill@hot.ee
f2eca1b0491914a43f1bd9683bc2c0ca,FI,John,Adams,358260646744,johnadams@gmail.com
a638429f87162883c5fe1228dc80b98f,FI,Grace,Campbell,35801901551,grace.campbell@hotmail.com
1e36426636d23adbbd588b75e620d761,FI,Christopher,Lopez,35854177234,christopher72@hotmail.com
d172574e912cb08cf36ea40eccb82313,FI,John,Reyes,358909450255,j.reyes@gmail.com
66262ab53a219625cfe874e8ef43c6d1,EE,Elizabeth,Rodriguez,37274958106,elizabeth77@gmail.com
aeb7d65b39792e24ccb093e7e425e80d,EE,Samuel,Wright,372746077980,samuel45@gmail.com
bbce16c781c14c9776309568c08c1a2f,FI,Layla,Green,358834316074,laylagreen@live.fi
ec745b8c6fdeaa894f087e35a76dbb18,EE,Alexander,Turner,372643151530,a.turner@hot.ee
5f438cf54b32b90e1423a47fb85376d6,FI,Natalie,Harris,358135289209,natalie.harris@hotmail.com
6517a312fcab684332af0719d9d1aa57,FI,Sofia,Diaz,35884720252,s.diaz@outlook.com
fb8b10912c84076b9c7d719053c1e916,NL,Christopher,Hill,31005170543,christopher90@hotmail.nl
6fb5a81fb90a222d746bada287497834,ES,Sofia,Scott,3442618740,sofia44@hotmail.es
574a803f6e167b13e5539d55b7e0666f,FI,Samuel,Flores,358808739390,samuel79@live.fi
ad8fc83533e4a6df24d40edec54a4e20,EE,Carter,Wilson,372486429954,carter16@hot.ee
590e123d25584799965877bdcc6841cb,FI,Isabella,Young,358921911305,isabella.young@hotmail.com
b687ec15e7578530860f903acc98a339,FI,Olivia,Harris,358742723868,o.harris@outlook.com
ddf628595f677961ec1f25fbcaf89ae5,NL,Sophia,Smith,31833419751,sophia.smith@outlook.com
7fd144b3acbac1087e0b08f6c7924140,FI,Noah,Carter,35800650064,noah72@gmail.com
08ae4ba1b23762cedd9a1f856f2e6e4f,NL,Grace,Moore,3180264093,grace23@hotmail.nl
6adb909d23e96c636161f4b4f1e663c0,FI,Emily,Campbell,35806161720,emily98@hotmail.com
28e34aa1ff8a0f65a6655e2710917079,FI,Alexander,Moore,35876754659,alexander.moore@hotmail.com
976b605522dbd005b716d6593cd47ba6,FI,Isabella,Clark,35834206748,isabella62@outlook.com
11bdc6e36f9f32933af5a862b55802cc,FI,Emma,Nguyen,358890123940,emma.nguyen@live.fi
51d4db7bb5693b629a99ae2dee55a95d,ES,James,Ramirez,3427527282,j.ramirez@gmail.com
1b764a23e2e9cfe2aeca5c6005125bf5,NL,Emily,Jones,31183961577,emilyjones@gmail.com
a6ca4e7e7a97b5bdbe9ad6da3e9ad95f,ES,Ava,Edwards,34055257281,ava.edwards@hotmail.es
2eeda599341ab94dbee5b3d4532d8d3f,FI,Sophia,Davis,358261436705,sophia.davis@outlook.com
2321e76a74245827286432e1faca83f0,FI,Ethan,Mitchell,35859003719,ethan75@outlook.com
a8989aea7028bdb4a2c497da67b35e12,NL,Aiden,Flores,3190842310,aidenflores@hotmail.nl
b08c5e2e8cca2259dc076220cb9cceba,FI,Matthew,Brown,358085288329,matthew21@gmail.com
ce95f1580e30c30b7dd4b3ddbcc098d2,FI,Sofia,Lopez,35820504506,sofia.lopez@hotmail.com
963b2506442a009d324b0e75ae16ec90,FI,Penelope,Robinson,358312694326,peneloperobinson@live.fi
f93dbd24d95aee9ba8af7893e40e1f38,FI,Amelia,Green,358307665973,amelia.green@gmail.com
c6077f609e0bc47594d7ce380903543b,FI,Scarlett,Flores,358511758367,scarlettflores@gmail.com
c1ae7549230c9f79ad9a88782aa63a17,FI,Ava,Brown,35877630027,ava.brown@gmail.com
afc1a9cbdb5a9eeb1b1dd2368bad03e3,FI,Elizabeth,Phillips,35807639948,elizabethphillips@live.fi
f5c1f5a113a3b82b04bfe6f0dcddf90a,NL,Lucas,Young,3196539335,lucas.young@gmail.com
27106738a5b9432c4528336d571ac636,NL,Emily,Thompson,31153104321,emily.thompson@hotmail.nl
2accdae37fe02250954bb50b347db838,EE,James,Campbell,372662101879,james.campbell@mail.ee
12f9b0b75a971e0c1cca5a159df6997b,FI,Mia,Hall,358974424091,miahall@live.fi
8fc1989d544dc1d2b0ff6390870d57ad,FI,Riley,Mitchell,358187051844,rileymitchell@hotmail.com
378c1fc456e575c554ca094dbbd053ef,FI,Natalie,Wilson,358368898934,nataliewilson@outlook.com
05cb8b26df751e13b4ec364895ce8808,FI,Christopher,Gonzalez,358288449974,christopher.gonzalez@outlook.com
2d6789280f4e7d8e0be2ec89948c6876,FI,Scarlett,Carter,358946596873,scarlett.carter@outlook.com
92f2801d93423192bebb662e881c26f2,EE,Aiden,Brown,37286689088,aiden89@gmail.com
9038da7f47eb832de1e7ce65951b554c,FI,Michael,Nelson,358762063751,m.nelson@hotmail.com
951cdef706a6a33f70f0518754b89e9e,EE,Nathan,Wilson,372077853729,nathan.wilson@mail.ee
17e7307b679821db68bdaf0a9710261e,EE,Lucas,Lee,37295166879,lucas64@mail.ee
65283b77b1afa1a5d18d1584ca17af36,EE,Abigail,Miller,372213883141,abigail.miller@mail.ee
c24d2db8baa4880a4c4cdac094b3e22e,FI,Riley,Adams,35819431943,r.adams@gmail.com
0559aa4500c250e533b79bdbed9f0599,FI,Carter,Johnson,358742690894,carterjohnson@outlook.com
6d80177e3192121f5b02eb16e5187214,FI,Addison,Nguyen,358536050387,a.nguyen@outlook.com
1bd69baf93bb868399f57ed0c11810ad,ES,Olivia,Thomas,34299774018,olivia65@gmail.com
d818989cb6237bdcaf303f3d1c88f5e7,FI,Jackson,Evans,358854042947,jacksonevans@live.fi
75e4387629b362c026124e2514f30617,EE,Olivia,Lee,37267260671,olivia58@hot.ee
a85c55c1f1738fb83e19f11f8c1d4927,EE,Scarlett,Wilson,372476651264,s.wilson@gmail.com
224bd270359df461c3fed358aae6b903,EE,Nathan,Edwards,372774371213,nathan92@gmail.com
50b4892cd92ae402d7270ec1bac29fd9,FI,Grace,Thompson,358755272261,grace.thompson@outlook.com
b91404bdb17f9d2222dc4af71a282192,NL,John,Baker,31393677827,john.baker@outlook.com
